types,speed
bug,50.833333333333336
poison,57.5
water,59.666666666666664
grass,61.666666666666664
normal,79.4
flying,79.6
fire,81.66666666666667
